locales,visitantes,Marcado Local,Marcador Visitante,Imagen Local,Imagen Visitante
Luton Town,Chelsea,2,3,https://image-service.onefootball.com/transform?w=22&h=22&dpr=2&image=https%253A%252F%252Fimages.onefootball.com%252Ficons%252Fteams%252F164%252F599.png,https://image-service.onefootball.com/transform?w=22&h=22&dpr=2&image=https%253A%252F%252Fimages.onefootball.com%252Ficons%252Fteams%252F164%252F9.png
Aston Villa,Burnley,3,2,https://image-service.onefootball.com/transform?w=22&h=22&dpr=2&image=https%253A%252F%252Fimages.onefootball.com%252Ficons%252Fteams%252F164%252F199.png,https://image-service.onefootball.com/transform?w=22&h=22&dpr=2&image=https%253A%252F%252Fimages.onefootball.com%252Ficons%252Fteams%252F164%252F275.png
Wolverhampton Wanderers,Everton,3,0,https://image-service.onefootball.com/transform?w=22&h=22&dpr=2&image=https%253A%252F%252Fimages.onefootball.com%252Ficons%252Fteams%252F164%252F203.png,https://image-service.onefootball.com/transform?w=22&h=22&dpr=2&image=https%253A%252F%252Fimages.onefootball.com%252Ficons%252Fteams%252F164%252F197.png
Manchester City,Sheffield United FC,2,0,https://image-service.onefootball.com/transform?w=22&h=22&dpr=2&image=https%253A%252F%252Fimages.onefootball.com%252Ficons%252Fteams%252F164%252F209.png,https://image-service.onefootball.com/transform?w=22&h=22&dpr=2&image=https%253A%252F%252Fimages.onefootball.com%252Ficons%252Fteams%252F164%252F583.png
Crystal Palace,Brentford FC,3,1,https://image-service.onefootball.com/transform?w=22&h=22&dpr=2&image=https%253A%252F%252Fimages.onefootball.com%252Ficons%252Fteams%252F164%252F567.png,https://image-service.onefootball.com/transform?w=22&h=22&dpr=2&image=https%253A%252F%252Fimages.onefootball.com%252Ficons%252Fteams%252F164%252F671.png
Nottingham Forest,Manchester United,2,1,https://image-service.onefootball.com/transform?w=22&h=22&dpr=2&image=https%253A%252F%252Fimages.onefootball.com%252Ficons%252Fteams%252F164%252F577.png,https://image-service.onefootball.com/transform?w=22&h=22&dpr=2&image=https%253A%252F%252Fimages.onefootball.com%252Ficons%252Fteams%252F164%252F21.png
Atalanta,US Lecce,1,0,https://image-service.onefootball.com/transform?w=22&h=22&dpr=2&image=https%253A%252F%252Fimages.onefootball.com%252Ficons%252Fteams%252F164%252F248.png,https://image-service.onefootball.com/transform?w=22&h=22&dpr=2&image=https%253A%252F%252Fimages.onefootball.com%252Ficons%252Fteams%252F164%252F190.png
Udinese,Bologna,3,0,https://image-service.onefootball.com/transform?w=22&h=22&dpr=2&image=https%253A%252F%252Fimages.onefootball.com%252Ficons%252Fteams%252F164%252F195.png,https://image-service.onefootball.com/transform?w=22&h=22&dpr=2&image=https%253A%252F%252Fimages.onefootball.com%252Ficons%252Fteams%252F164%252F183.png
Cagliari,Empoli,0,0,https://image-service.onefootball.com/transform?w=22&h=22&dpr=2&image=https%253A%252F%252Fimages.onefootball.com%252Ficons%252Fteams%252F164%252F185.png,https://image-service.onefootball.com/transform?w=22&h=22&dpr=2&image=https%253A%252F%252Fimages.onefootball.com%252Ficons%252Fteams%252F164%252F726.png
Milán,Sassuolo,1,0,https://image-service.onefootball.com/transform?w=22&h=22&dpr=2&image=https%253A%252F%252Fimages.onefootball.com%252Ficons%252Fteams%252F164%252F23.png,https://image-service.onefootball.com/transform?w=22&h=22&dpr=2&image=https%253A%252F%252Fimages.onefootball.com%252Ficons%252Fteams%252F164%252F724.png
Hellas Verona,US Salernitana,0,1,https://image-service.onefootball.com/transform?w=22&h=22&dpr=2&image=https%253A%252F%252Fimages.onefootball.com%252Ficons%252Fteams%252F164%252F409.png,https://image-service.onefootball.com/transform?w=22&h=22&dpr=2&image=https%253A%252F%252Fimages.onefootball.com%252Ficons%252Fteams%252F164%252F411.png
Juventus,AS Roma,1,0,https://image-service.onefootball.com/transform?w=22&h=22&dpr=2&image=https%253A%252F%252Fimages.onefootball.com%252Ficons%252Fteams%252F164%252F17.png,https://image-service.onefootball.com/transform?w=22&h=22&dpr=2&image=https%253A%252F%252Fimages.onefootball.com%252Ficons%252Fteams%252F164%252F145.png
Celtic Glasgow,Glasgow Rangers,2,1,https://image-service.onefootball.com/transform?w=22&h=22&dpr=2&image=https%253A%252F%252Fimages.onefootball.com%252Ficons%252Fteams%252F164%252F142.png,https://image-service.onefootball.com/transform?w=22&h=22&dpr=2&image=https%253A%252F%252Fimages.onefootball.com%252Ficons%252Fteams%252F164%252F25.png
Motherwell FC,Livingston FC,3,1,https://image-service.onefootball.com/transform?w=22&h=22&dpr=2&image=https%253A%252F%252Fimages.onefootball.com%252Ficons%252Fteams%252F164%252F444.png,https://image-service.onefootball.com/transform?w=22&h=22&dpr=2&image=https%253A%252F%252Fimages.onefootball.com%252Ficons%252Fteams%252F164%252F1603.png
Kilmarnock FC,Dundee,2,2,https://image-service.onefootball.com/transform?w=22&h=22&dpr=2&image=https%253A%252F%252Fimages.onefootball.com%252Ficons%252Fteams%252F164%252F1162.png,https://image-service.onefootball.com/transform?w=22&h=22&dpr=2&image=https%253A%252F%252Fimages.onefootball.com%252Ficons%252Fteams%252F164%252F1160.png
Heart of Midlothian FC,Ross County FC,2,2,https://image-service.onefootball.com/transform?w=22&h=22&dpr=2&image=https%253A%252F%252Fimages.onefootball.com%252Ficons%252Fteams%252F164%252F946.png,https://image-service.onefootball.com/transform?w=22&h=22&dpr=2&image=https%253A%252F%252Fimages.onefootball.com%252Ficons%252Fteams%252F164%252F1163.png
Aberdeen FC,FC St. Mirren,0,3,https://image-service.onefootball.com/transform?w=22&h=22&dpr=2&image=https%253A%252F%252Fimages.onefootball.com%252Ficons%252Fteams%252F164%252F1159.png,https://image-service.onefootball.com/transform?w=22&h=22&dpr=2&image=https%253A%252F%252Fimages.onefootball.com%252Ficons%252Fteams%252F164%252F1164.png
Newcastle Jets,Western Utd,2,0,https://image-service.onefootball.com/transform?w=22&h=22&dpr=2&image=https%253A%252F%252Fimages.onefootball.com%252Ficons%252Fteams%252F164%252F1786.png,https://image-service.onefootball.com/transform?w=22&h=22&dpr=2&image=https%253A%252F%252Fimages.onefootball.com%252Ficons%252Fteams%252F164%252F15264.png
Melbourne Victory FC,Adelaide United,2,0,https://image-service.onefootball.com/transform?w=22&h=22&dpr=2&image=https%253A%252F%252Fimages.onefootball.com%252Ficons%252Fteams%252F164%252F1788.png,https://image-service.onefootball.com/transform?w=22&h=22&dpr=2&image=https%253A%252F%252Fimages.onefootball.com%252Ficons%252Fteams%252F164%252F1787.png
Canberra United,Western United Femenino,1,1,https://image-service.onefootball.com/transform?w=22&h=22&dpr=2&image=https%253A%252F%252Fimages.onefootball.com%252Ficons%252Fteams%252F164%252F29892.png,https://image-service.onefootball.com/transform?w=22&h=22&dpr=2&image=https%253A%252F%252Fimages.onefootball.com%252Ficons%252Fteams%252F164%252F35906.png
Western Sydney Wanderers Femenino,Melbourne Victory Femenino,2,0,https://image-service.onefootball.com/transform?w=22&h=22&dpr=2&image=https%253A%252F%252Fimages.onefootball.com%252Ficons%252Fteams%252F164%252F29321.png,https://image-service.onefootball.com/transform?w=22&h=22&dpr=2&image=https%253A%252F%252Fimages.onefootball.com%252Ficons%252Fteams%252F164%252F29910.png
Fortis Football Club Limited,Abahani Dhaka,1,0,https://image-service.onefootball.com/transform?w=22&h=22&dpr=2&image=https%253A%252F%252Fimages.onefootball.com%252Ficons%252Fteams%252F164%252F36686.png,https://image-service.onefootball.com/transform?w=22&h=22&dpr=2&image=https%253A%252F%252Fimages.onefootball.com%252Ficons%252Fteams%252F164%252F19478.png
Bangladesh Police FC,Sheikh Jamal Dhanmondi Club,0,1,https://image-service.onefootball.com/transform?w=22&h=22&dpr=2&image=https%253A%252F%252Fimages.onefootball.com%252Ficons%252Fteams%252F164%252F25996.png,https://image-service.onefootball.com/transform?w=22&h=22&dpr=2&image=https%253A%252F%252Fimages.onefootball.com%252Ficons%252Fteams%252F164%252F29053.png
Bashundhara Kings,Abahani Limited Chittagong,4,1,https://image-service.onefootball.com/transform?w=22&h=22&dpr=2&image=https%253A%252F%252Fimages.onefootball.com%252Ficons%252Fteams%252F164%252F16113.png,https://image-service.onefootball.com/transform?w=22&h=22&dpr=2&image=https%253A%252F%252Fimages.onefootball.com%252Ficons%252Fteams%252F164%252F22976.png
Bala Town FC,Newtown AFC,2,1,https://image-service.onefootball.com/transform?w=22&h=22&dpr=2&image=https%253A%252F%252Fimages.onefootball.com%252Ficons%252Fteams%252F164%252F1877.png,https://image-service.onefootball.com/transform?w=22&h=22&dpr=2&image=https%253A%252F%252Fimages.onefootball.com%252Ficons%252Fteams%252F164%252F5203.png
Aberystwyth Town,Haverfordwest County,1,1,https://image-service.onefootball.com/transform?w=22&h=22&dpr=2&image=https%253A%252F%252Fimages.onefootball.com%252Ficons%252Fteams%252F164%252F2435.png,https://image-service.onefootball.com/transform?w=22&h=22&dpr=2&image=https%253A%252F%252Fimages.onefootball.com%252Ficons%252Fteams%252F164%252F7005.png
Barry Town United FC,Cardiff Met Uni.,0,0,https://image-service.onefootball.com/transform?w=22&h=22&dpr=2&image=https%253A%252F%252Fimages.onefootball.com%252Ficons%252Fteams%252F164%252F6992.png,https://image-service.onefootball.com/transform?w=22&h=22&dpr=2&image=https%253A%252F%252Fimages.onefootball.com%252Ficons%252Fteams%252F164%252F6715.png
National Bank,Al Mokawloon Al Arab,3,1,https://image-service.onefootball.com/transform?w=22&h=22&dpr=2&image=https%253A%252F%252Fimages.onefootball.com%252Ficons%252Fteams%252F164%252F18945.png,https://image-service.onefootball.com/transform?w=22&h=22&dpr=2&image=https%253A%252F%252Fimages.onefootball.com%252Ficons%252Fteams%252F164%252F16070.png
Talaea El Gaish,ZED,1,0,https://image-service.onefootball.com/transform?w=22&h=22&dpr=2&image=https%253A%252F%252Fimages.onefootball.com%252Ficons%252Fteams%252F164%252F16055.png,https://image-service.onefootball.com/transform?w=22&h=22&dpr=2&image=https%253A%252F%252Fimages.onefootball.com%252Ficons%252Fteams%252F164%252F16056.png
Enppi Club,Baladiyyat Al Mehalla,3,0,https://image-service.onefootball.com/transform?w=22&h=22&dpr=2&image=https%253A%252F%252Fimages.onefootball.com%252Ficons%252Fteams%252F164%252F16066.png,https://image-service.onefootball.com/transform?w=22&h=22&dpr=2&image=https%253A%252F%252Fimages.onefootball.com%252Ficons%252Fteams%252F164%252F25479.png
Tractor Sazi Tabriz FC,Sanat Naft Abadan FC,3,0,https://image-service.onefootball.com/transform?w=22&h=22&dpr=2&image=https%253A%252F%252Fimages.onefootball.com%252Ficons%252Fteams%252F164%252F4464.png,https://image-service.onefootball.com/transform?w=22&h=22&dpr=2&image=https%253A%252F%252Fimages.onefootball.com%252Ficons%252Fteams%252F164%252F11365.png
Esteghlal FC,Peykan,2,1,https://image-service.onefootball.com/transform?w=22&h=22&dpr=2&image=https%253A%252F%252Fimages.onefootball.com%252Ficons%252Fteams%252F164%252F4349.png,https://image-service.onefootball.com/transform?w=22&h=22&dpr=2&image=https%253A%252F%252Fimages.onefootball.com%252Ficons%252Fteams%252F164%252F4335.png
Newroz,Karkh,1,1,https://image-service.onefootball.com/transform?w=22&h=22&dpr=2&image=https%253A%252F%252Fimages.onefootball.com%252Ficons%252Fteams%252F164%252F20303.png,https://image-service.onefootball.com/transform?w=22&h=22&dpr=2&image=https%253A%252F%252Fimages.onefootball.com%252Ficons%252Fteams%252F164%252F19448.png
Naft Al-Basra,AL Shorta,0,1,https://image-service.onefootball.com/transform?w=22&h=22&dpr=2&image=https%253A%252F%252Fimages.onefootball.com%252Ficons%252Fteams%252F164%252F19507.png,https://image-service.onefootball.com/transform?w=22&h=22&dpr=2&image=https%253A%252F%252Fimages.onefootball.com%252Ficons%252Fteams%252F164%252F17006.png
Naft Al-Wasat,Hudod,1,2,https://image-service.onefootball.com/transform?w=22&h=22&dpr=2&image=https%253A%252F%252Fimages.onefootball.com%252Ficons%252Fteams%252F164%252F19445.png,https://image-service.onefootball.com/transform?w=22&h=22&dpr=2&image=https%253A%252F%252Fimages.onefootball.com%252Ficons%252Fteams%252F164%252F19492.png
EGS Gafsa,Olympique de Beja,1,0,https://image-service.onefootball.com/transform?w=22&h=22&dpr=2&image=https%253A%252F%252Fimages.onefootball.com%252Ficons%252Fteams%252F164%252F25439.png,https://image-service.onefootball.com/transform?w=22&h=22&dpr=2&image=https%253A%252F%252Fimages.onefootball.com%252Ficons%252Fteams%252F164%252F11373.png
Etoile Sportive du Sahel,Stade Tunisien,0,0,https://image-service.onefootball.com/transform?w=22&h=22&dpr=2&image=https%253A%252F%252Fimages.onefootball.com%252Ficons%252Fteams%252F164%252F5635.png,https://image-service.onefootball.com/transform?w=22&h=22&dpr=2&image=https%253A%252F%252Fimages.onefootball.com%252Ficons%252Fteams%252F164%252F9796.png
AS de La Marsa,Tataouine,0,1,https://image-service.onefootball.com/transform?w=22&h=22&dpr=2&image=https%253A%252F%252Fimages.onefootball.com%252Ficons%252Fteams%252F164%252F31011.png,https://image-service.onefootball.com/transform?w=22&h=22&dpr=2&image=https%253A%252F%252Fimages.onefootball.com%252Ficons%252Fteams%252F164%252F10359.png
CA Bizertin,ES Metlaoui,4,2,https://image-service.onefootball.com/transform?w=22&h=22&dpr=2&image=https%253A%252F%252Fimages.onefootball.com%252Ficons%252Fteams%252F164%252F9799.png,https://image-service.onefootball.com/transform?w=22&h=22&dpr=2&image=https%253A%252F%252Fimages.onefootball.com%252Ficons%252Fteams%252F164%252F9794.png
Club Africain,Soliman,1,0,https://image-service.onefootball.com/transform?w=22&h=22&dpr=2&image=https%253A%252F%252Fimages.onefootball.com%252Ficons%252Fteams%252F164%252F7545.png,https://image-service.onefootball.com/transform?w=22&h=22&dpr=2&image=https%253A%252F%252Fimages.onefootball.com%252Ficons%252Fteams%252F164%252F15301.png
US Monastir,Espérance de Tunis,1,2,https://image-service.onefootball.com/transform?w=22&h=22&dpr=2&image=https%253A%252F%252Fimages.onefootball.com%252Ficons%252Fteams%252F164%252F9802.png,https://image-service.onefootball.com/transform?w=22&h=22&dpr=2&image=https%253A%252F%252Fimages.onefootball.com%252Ficons%252Fteams%252F164%252F7600.png
Estoril,SC Farense,4,0,https://image-service.onefootball.com/transform?w=22&h=22&dpr=2&image=https%253A%252F%252Fimages.onefootball.com%252Ficons%252Fteams%252F164%252F1184.png,https://image-service.onefootball.com/transform?w=22&h=22&dpr=2&image=https%253A%252F%252Fimages.onefootball.com%252Ficons%252Fteams%252F164%252F3753.png
Gil Vicente,Boavista,1,0,https://image-service.onefootball.com/transform?w=22&h=22&dpr=2&image=https%253A%252F%252Fimages.onefootball.com%252Ficons%252Fteams%252F164%252F1185.png,https://image-service.onefootball.com/transform?w=22&h=22&dpr=2&image=https%253A%252F%252Fimages.onefootball.com%252Ficons%252Fteams%252F164%252F2486.png
Casa Pia AC,Braga,1,3,https://image-service.onefootball.com/transform?w=22&h=22&dpr=2&image=https%253A%252F%252Fimages.onefootball.com%252Ficons%252Fteams%252F164%252F6143.png,https://image-service.onefootball.com/transform?w=22&h=22&dpr=2&image=https%253A%252F%252Fimages.onefootball.com%252Ficons%252Fteams%252F164%252F382.png
Portimonense SC,Sporting CP,1,2,https://image-service.onefootball.com/transform?w=22&h=22&dpr=2&image=https%253A%252F%252Fimages.onefootball.com%252Ficons%252Fteams%252F164%252F1715.png,https://image-service.onefootball.com/transform?w=22&h=22&dpr=2&image=https%253A%252F%252Fimages.onefootball.com%252Ficons%252Fteams%252F164%252F140.png
Leixoes SC,Academico Viseu,1,2,https://image-service.onefootball.com/transform?w=22&h=22&dpr=2&image=https%253A%252F%252Fimages.onefootball.com%252Ficons%252Fteams%252F164%252F1726.png,https://image-service.onefootball.com/transform?w=22&h=22&dpr=2&image=https%253A%252F%252Fimages.onefootball.com%252Ficons%252Fteams%252F164%252F3752.png
FC Oporto B,CD Nacional,2,3,https://image-service.onefootball.com/transform?w=22&h=22&dpr=2&image=https%253A%252F%252Fimages.onefootball.com%252Ficons%252Fteams%252F164%252F3763.png,https://image-service.onefootball.com/transform?w=22&h=22&dpr=2&image=https%253A%252F%252Fimages.onefootball.com%252Ficons%252Fteams%252F164%252F556.png
Paços Ferreira,Benfica B,2,2,https://image-service.onefootball.com/transform?w=22&h=22&dpr=2&image=https%253A%252F%252Fimages.onefootball.com%252Ficons%252Fteams%252F164%252F1188.png,https://image-service.onefootball.com/transform?w=22&h=22&dpr=2&image=https%253A%252F%252Fimages.onefootball.com%252Ficons%252Fteams%252F164%252F3751.png
CD Tondela,UD Oliveirense,1,0,https://image-service.onefootball.com/transform?w=22&h=22&dpr=2&image=https%253A%252F%252Fimages.onefootball.com%252Ficons%252Fteams%252F164%252F1737.png,https://image-service.onefootball.com/transform?w=22&h=22&dpr=2&image=https%253A%252F%252Fimages.onefootball.com%252Ficons%252Fteams%252F164%252F1722.png
UD Leiria,CD Feirense,1,1,https://image-service.onefootball.com/transform?w=22&h=22&dpr=2&image=https%253A%252F%252Fimages.onefootball.com%252Ficons%252Fteams%252F164%252F1723.png,https://image-service.onefootball.com/transform?w=22&h=22&dpr=2&image=https%253A%252F%252Fimages.onefootball.com%252Ficons%252Fteams%252F164%252F1731.png
Hapoel Petach Tikva,Hapoel Katamon,1,2,https://image-service.onefootball.com/transform?w=22&h=22&dpr=2&image=https%253A%252F%252Fimages.onefootball.com%252Ficons%252Fteams%252F164%252F5602.png,https://image-service.onefootball.com/transform?w=22&h=22&dpr=2&image=https%253A%252F%252Fimages.onefootball.com%252Ficons%252Fteams%252F164%252F5414.png
Hapoel Hadera,Maccabi Netanya,1,4,https://image-service.onefootball.com/transform?w=22&h=22&dpr=2&image=https%253A%252F%252Fimages.onefootball.com%252Ficons%252Fteams%252F164%252F14764.png,https://image-service.onefootball.com/transform?w=22&h=22&dpr=2&image=https%253A%252F%252Fimages.onefootball.com%252Ficons%252Fteams%252F164%252F1100.png
Bnei Raina,Sakhnin,0,1,https://image-service.onefootball.com/transform?w=22&h=22&dpr=2&image=https%253A%252F%252Fimages.onefootball.com%252Ficons%252Fteams%252F164%252F19886.png,https://image-service.onefootball.com/transform?w=22&h=22&dpr=2&image=https%253A%252F%252Fimages.onefootball.com%252Ficons%252Fteams%252F164%252F18074.png
Ashdod SC,Hapoel Be'er Sheva FC,1,3,https://image-service.onefootball.com/transform?w=22&h=22&dpr=2&image=https%253A%252F%252Fimages.onefootball.com%252Ficons%252Fteams%252F164%252F4392.png,https://image-service.onefootball.com/transform?w=22&h=22&dpr=2&image=https%253A%252F%252Fimages.onefootball.com%252Ficons%252Fteams%252F164%252F2488.png
Larne,Linfield FC,1,1,https://image-service.onefootball.com/transform?w=22&h=22&dpr=2&image=https%253A%252F%252Fimages.onefootball.com%252Ficons%252Fteams%252F164%252F45570.png,https://image-service.onefootball.com/transform?w=22&h=22&dpr=2&image=https%253A%252F%252Fimages.onefootball.com%252Ficons%252Fteams%252F164%252F365.png
Glenavon,Ballymena,0,1,https://image-service.onefootball.com/transform?w=22&h=22&dpr=2&image=https%253A%252F%252Fimages.onefootball.com%252Ficons%252Fteams%252F164%252F2440.png,https://image-service.onefootball.com/transform?w=22&h=22&dpr=2&image=https%253A%252F%252Fimages.onefootball.com%252Ficons%252Fteams%252F164%252F4342.png
FC Glentoran,Cliftonville FC,,,https://image-service.onefootball.com/transform?w=22&h=22&dpr=2&image=https%253A%252F%252Fimages.onefootball.com%252Ficons%252Fteams%252F164%252F432.png,https://image-service.onefootball.com/transform?w=22&h=22&dpr=2&image=https%253A%252F%252Fimages.onefootball.com%252Ficons%252Fteams%252F164%252F511.png
Dungannon,Newry City AFC,5,0,https://image-service.onefootball.com/transform?w=22&h=22&dpr=2&image=https%253A%252F%252Fimages.onefootball.com%252Ficons%252Fteams%252F164%252F5832.png,https://image-service.onefootball.com/transform?w=22&h=22&dpr=2&image=https%253A%252F%252Fimages.onefootball.com%252Ficons%252Fteams%252F164%252F8251.png
Crusaders Belfast,Carrick Rangers FC,2,0,https://image-service.onefootball.com/transform?w=22&h=22&dpr=2&image=https%253A%252F%252Fimages.onefootball.com%252Ficons%252Fteams%252F164%252F921.png,https://image-service.onefootball.com/transform?w=22&h=22&dpr=2&image=https%253A%252F%252Fimages.onefootball.com%252Ficons%252Fteams%252F164%252F3279.png
Coleraine FC,Loughgall,1,3,https://image-service.onefootball.com/transform?w=22&h=22&dpr=2&image=https%253A%252F%252Fimages.onefootball.com%252Ficons%252Fteams%252F164%252F5434.png,https://image-service.onefootball.com/transform?w=22&h=22&dpr=2&image=https%253A%252F%252Fimages.onefootball.com%252Ficons%252Fteams%252F164%252F8204.png
Bromley FC,Ebbsfleet Utd,5,1,https://image-service.onefootball.com/transform?w=22&h=22&dpr=2&image=https%253A%252F%252Fimages.onefootball.com%252Ficons%252Fteams%252F164%252F619.png,https://image-service.onefootball.com/transform?w=22&h=22&dpr=2&image=https%253A%252F%252Fimages.onefootball.com%252Ficons%252Fteams%252F164%252F1441.png
Barnet FC,Southend United,1,0,https://image-service.onefootball.com/transform?w=22&h=22&dpr=2&image=https%253A%252F%252Fimages.onefootball.com%252Ficons%252Fteams%252F164%252F676.png,https://image-service.onefootball.com/transform?w=22&h=22&dpr=2&image=https%253A%252F%252Fimages.onefootball.com%252Ficons%252Fteams%252F164%252F633.png
Kidderminster Harriers,Boreham Wood,1,2,https://image-service.onefootball.com/transform?w=22&h=22&dpr=2&image=https%253A%252F%252Fimages.onefootball.com%252Ficons%252Fteams%252F164%252F1449.png,https://image-service.onefootball.com/transform?w=22&h=22&dpr=2&image=https%253A%252F%252Fimages.onefootball.com%252Ficons%252Fteams%252F164%252F1444.png
Oldham Athletic,Hartlepool Utd,2,0,https://image-service.onefootball.com/transform?w=22&h=22&dpr=2&image=https%253A%252F%252Fimages.onefootball.com%252Ficons%252Fteams%252F164%252F666.png,https://image-service.onefootball.com/transform?w=22&h=22&dpr=2&image=https%253A%252F%252Fimages.onefootball.com%252Ficons%252Fteams%252F164%252F620.png
Chorley FC,Spennymoor Town,1,0,https://image-service.onefootball.com/transform?w=22&h=22&dpr=2&image=https%253A%252F%252Fimages.onefootball.com%252Ficons%252Fteams%252F164%252F1492.png,https://image-service.onefootball.com/transform?w=22&h=22&dpr=2&image=https%253A%252F%252Fimages.onefootball.com%252Ficons%252Fteams%252F164%252F1567.png
Dartford FC,Welling Utd,1,1,https://image-service.onefootball.com/transform?w=22&h=22&dpr=2&image=https%253A%252F%252Fimages.onefootball.com%252Ficons%252Fteams%252F164%252F1499.png,https://image-service.onefootball.com/transform?w=22&h=22&dpr=2&image=https%253A%252F%252Fimages.onefootball.com%252Ficons%252Fteams%252F164%252F1586.png
Truro City FC,Torquay Utd,,,https://image-service.onefootball.com/transform?w=22&h=22&dpr=2&image=https%253A%252F%252Fimages.onefootball.com%252Ficons%252Fteams%252F164%252F1581.png,https://image-service.onefootball.com/transform?w=22&h=22&dpr=2&image=https%253A%252F%252Fimages.onefootball.com%252Ficons%252Fteams%252F164%252F660.png
Aveley FC,Dover Athletic,2,1,https://image-service.onefootball.com/transform?w=22&h=22&dpr=2&image=https%253A%252F%252Fimages.onefootball.com%252Ficons%252Fteams%252F164%252F10202.png,https://image-service.onefootball.com/transform?w=22&h=22&dpr=2&image=https%253A%252F%252Fimages.onefootball.com%252Ficons%252Fteams%252F164%252F1503.png
Blyth Spartans,South Shields,2,1,https://image-service.onefootball.com/transform?w=22&h=22&dpr=2&image=https%253A%252F%252Fimages.onefootball.com%252Ficons%252Fteams%252F164%252F1476.png,https://image-service.onefootball.com/transform?w=22&h=22&dpr=2&image=https%253A%252F%252Fimages.onefootball.com%252Ficons%252Fteams%252F164%252F18859.png
FC Darlington,Scarborough Athletic,0,1,https://image-service.onefootball.com/transform?w=22&h=22&dpr=2&image=https%253A%252F%252Fimages.onefootball.com%252Ficons%252Fteams%252F164%252F4429.png,https://image-service.onefootball.com/transform?w=22&h=22&dpr=2&image=https%253A%252F%252Fimages.onefootball.com%252Ficons%252Fteams%252F164%252F51779.png
Farsley AFC,Scunthorpe United,0,2,https://image-service.onefootball.com/transform?w=22&h=22&dpr=2&image=https%253A%252F%252Fimages.onefootball.com%252Ficons%252Fteams%252F164%252F5682.png,https://image-service.onefootball.com/transform?w=22&h=22&dpr=2&image=https%253A%252F%252Fimages.onefootball.com%252Ficons%252Fteams%252F164%252F579.png
Peterborough Sports FC,Bishop´s Stortford,4,2,https://image-service.onefootball.com/transform?w=22&h=22&dpr=2&image=https%253A%252F%252Fimages.onefootball.com%252Ficons%252Fteams%252F164%252F9995.png,https://image-service.onefootball.com/transform?w=22&h=22&dpr=2&image=https%253A%252F%252Fimages.onefootball.com%252Ficons%252Fteams%252F164%252F1448.png
Rushall Olympic,Tamworth FC,1,2,https://image-service.onefootball.com/transform?w=22&h=22&dpr=2&image=https%253A%252F%252Fimages.onefootball.com%252Ficons%252Fteams%252F164%252F3324.png,https://image-service.onefootball.com/transform?w=22&h=22&dpr=2&image=https%253A%252F%252Fimages.onefootball.com%252Ficons%252Fteams%252F164%252F1574.png
Richards Bay,Supersport United,,,https://image-service.onefootball.com/transform?w=22&h=22&dpr=2&image=https%253A%252F%252Fimages.onefootball.com%252Ficons%252Fteams%252F164%252F21773.png,https://image-service.onefootball.com/transform?w=22&h=22&dpr=2&image=https%253A%252F%252Fimages.onefootball.com%252Ficons%252Fteams%252F164%252F3449.png
TS Galaxy,Chippa United,,,https://image-service.onefootball.com/transform?w=22&h=22&dpr=2&image=https%253A%252F%252Fimages.onefootball.com%252Ficons%252Fteams%252F164%252F18747.png,https://image-service.onefootball.com/transform?w=22&h=22&dpr=2&image=https%253A%252F%252Fimages.onefootball.com%252Ficons%252Fteams%252F164%252F3098.png
Ajax Cape Town,Cape Town City,,,https://image-service.onefootball.com/transform?w=22&h=22&dpr=2&image=https%253A%252F%252Fimages.onefootball.com%252Ficons%252Fteams%252F164%252F23470.png,https://image-service.onefootball.com/transform?w=22&h=22&dpr=2&image=https%253A%252F%252Fimages.onefootball.com%252Ficons%252Fteams%252F164%252F7203.png
Mamelodi Sundowns,Polokwane City,,,https://image-service.onefootball.com/transform?w=22&h=22&dpr=2&image=https%253A%252F%252Fimages.onefootball.com%252Ficons%252Fteams%252F164%252F3453.png,https://image-service.onefootball.com/transform?w=22&h=22&dpr=2&image=https%253A%252F%252Fimages.onefootball.com%252Ficons%252Fteams%252F164%252F3458.png
Sekhukhune Utd,Kaizer Chiefs,,,https://image-service.onefootball.com/transform?w=22&h=22&dpr=2&image=https%253A%252F%252Fimages.onefootball.com%252Ficons%252Fteams%252F164%252F19991.png,https://image-service.onefootball.com/transform?w=22&h=22&dpr=2&image=https%253A%252F%252Fimages.onefootball.com%252Ficons%252Fteams%252F164%252F3099.png
Swallows FC,Lamontville Golden Arrows,,,https://image-service.onefootball.com/transform?w=22&h=22&dpr=2&image=https%253A%252F%252Fimages.onefootball.com%252Ficons%252Fteams%252F164%252F3451.png,https://image-service.onefootball.com/transform?w=22&h=22&dpr=2&image=https%253A%252F%252Fimages.onefootball.com%252Ficons%252Fteams%252F164%252F5460.png
Richards Bay,Supersport United,3,1,https://image-service.onefootball.com/transform?w=22&h=22&dpr=2&image=https%253A%252F%252Fimages.onefootball.com%252Ficons%252Fteams%252F164%252F21773.png,https://image-service.onefootball.com/transform?w=22&h=22&dpr=2&image=https%253A%252F%252Fimages.onefootball.com%252Ficons%252Fteams%252F164%252F3449.png
TS Galaxy,Chippa United,2,0,https://image-service.onefootball.com/transform?w=22&h=22&dpr=2&image=https%253A%252F%252Fimages.onefootball.com%252Ficons%252Fteams%252F164%252F18747.png,https://image-service.onefootball.com/transform?w=22&h=22&dpr=2&image=https%253A%252F%252Fimages.onefootball.com%252Ficons%252Fteams%252F164%252F3098.png
Mamelodi Sundowns,Polokwane City,0,0,https://image-service.onefootball.com/transform?w=22&h=22&dpr=2&image=https%253A%252F%252Fimages.onefootball.com%252Ficons%252Fteams%252F164%252F3453.png,https://image-service.onefootball.com/transform?w=22&h=22&dpr=2&image=https%253A%252F%252Fimages.onefootball.com%252Ficons%252Fteams%252F164%252F3458.png
Sekhukhune Utd,Kaizer Chiefs,1,1,https://image-service.onefootball.com/transform?w=22&h=22&dpr=2&image=https%253A%252F%252Fimages.onefootball.com%252Ficons%252Fteams%252F164%252F19991.png,https://image-service.onefootball.com/transform?w=22&h=22&dpr=2&image=https%253A%252F%252Fimages.onefootball.com%252Ficons%252Fteams%252F164%252F3099.png
Al Fateh SC,Al-Okhdood,0,0,https://image-service.onefootball.com/transform?w=22&h=22&dpr=2&image=https%253A%252F%252Fimages.onefootball.com%252Ficons%252Fteams%252F164%252F2331.png,https://image-service.onefootball.com/transform?w=22&h=22&dpr=2&image=https%253A%252F%252Fimages.onefootball.com%252Ficons%252Fteams%252F164%252F25673.png
Al-Taawoun,AL Nassr FC,1,4,https://image-service.onefootball.com/transform?w=22&h=22&dpr=2&image=https%253A%252F%252Fimages.onefootball.com%252Ficons%252Fteams%252F164%252F2330.png,https://image-service.onefootball.com/transform?w=22&h=22&dpr=2&image=https%253A%252F%252Fimages.onefootball.com%252Ficons%252Fteams%252F164%252F2329.png
Al Shabab KSA,Al Wehda,1,0,https://image-service.onefootball.com/transform?w=22&h=22&dpr=2&image=https%253A%252F%252Fimages.onefootball.com%252Ficons%252Fteams%252F164%252F2336.png,https://image-service.onefootball.com/transform?w=22&h=22&dpr=2&image=https%253A%252F%252Fimages.onefootball.com%252Ficons%252Fteams%252F164%252F7110.png
Ayr United FC,Dunfermline Athletic FC,2,2,https://image-service.onefootball.com/transform?w=22&h=22&dpr=2&image=https%253A%252F%252Fimages.onefootball.com%252Ficons%252Fteams%252F164%252F1606.png,https://image-service.onefootball.com/transform?w=22&h=22&dpr=2&image=https%253A%252F%252Fimages.onefootball.com%252Ficons%252Fteams%252F164%252F1600.png
Raith Rovers FC,Arbroath FC,2,2,https://image-service.onefootball.com/transform?w=22&h=22&dpr=2&image=https%253A%252F%252Fimages.onefootball.com%252Ficons%252Fteams%252F164%252F1619.png,https://image-service.onefootball.com/transform?w=22&h=22&dpr=2&image=https%253A%252F%252Fimages.onefootball.com%252Ficons%252Fteams%252F164%252F1610.png
Inverness Caledonian Thistle FC,Greenock Morton FC,0,0,https://image-service.onefootball.com/transform?w=22&h=22&dpr=2&image=https%253A%252F%252Fimages.onefootball.com%252Ficons%252Fteams%252F164%252F1161.png,https://image-service.onefootball.com/transform?w=22&h=22&dpr=2&image=https%253A%252F%252Fimages.onefootball.com%252Ficons%252Fteams%252F164%252F1618.png
FC Queens Park,Airdrieonians FC,1,2,https://image-service.onefootball.com/transform?w=22&h=22&dpr=2&image=https%253A%252F%252Fimages.onefootball.com%252Ficons%252Fteams%252F164%252F2007.png,https://image-service.onefootball.com/transform?w=22&h=22&dpr=2&image=https%253A%252F%252Fimages.onefootball.com%252Ficons%252Fteams%252F164%252F1997.png
Edinburgh City FC,Hamilton Academical,2,5,https://image-service.onefootball.com/transform?w=22&h=22&dpr=2&image=https%253A%252F%252Fimages.onefootball.com%252Ficons%252Fteams%252F164%252F2097.png,https://image-service.onefootball.com/transform?w=22&h=22&dpr=2&image=https%253A%252F%252Fimages.onefootball.com%252Ficons%252Fteams%252F164%252F1602.png
Falkirk FC,Stirling Albion FC,5,0,https://image-service.onefootball.com/transform?w=22&h=22&dpr=2&image=https%253A%252F%252Fimages.onefootball.com%252Ficons%252Fteams%252F164%252F1622.png,https://image-service.onefootball.com/transform?w=22&h=22&dpr=2&image=https%253A%252F%252Fimages.onefootball.com%252Ficons%252Fteams%252F164%252F2003.png
Kelty Hearts,Alloa Athletic FC,,,https://image-service.onefootball.com/transform?w=22&h=22&dpr=2&image=https%253A%252F%252Fimages.onefootball.com%252Ficons%252Fteams%252F164%252F6126.png,https://image-service.onefootball.com/transform?w=22&h=22&dpr=2&image=https%253A%252F%252Fimages.onefootball.com%252Ficons%252Fteams%252F164%252F1996.png
Montrose FC,Cove Rangers FC,1,1,https://image-service.onefootball.com/transform?w=22&h=22&dpr=2&image=https%253A%252F%252Fimages.onefootball.com%252Ficons%252Fteams%252F164%252F2002.png,https://image-service.onefootball.com/transform?w=22&h=22&dpr=2&image=https%253A%252F%252Fimages.onefootball.com%252Ficons%252Fteams%252F164%252F2088.png
Queen of The South FC,Annan Athletic FC,2,1,https://image-service.onefootball.com/transform?w=22&h=22&dpr=2&image=https%253A%252F%252Fimages.onefootball.com%252Ficons%252Fteams%252F164%252F1598.png,https://image-service.onefootball.com/transform?w=22&h=22&dpr=2&image=https%253A%252F%252Fimages.onefootball.com%252Ficons%252Fteams%252F164%252F1999.png
Clyde FC,Stenhousemuir FC,1,2,https://image-service.onefootball.com/transform?w=22&h=22&dpr=2&image=https%253A%252F%252Fimages.onefootball.com%252Ficons%252Fteams%252F164%252F2005.png,https://image-service.onefootball.com/transform?w=22&h=22&dpr=2&image=https%253A%252F%252Fimages.onefootball.com%252Ficons%252Fteams%252F164%252F1621.png
Stranraer FC,Dumbarton FC,,,https://image-service.onefootball.com/transform?w=22&h=22&dpr=2&image=https%253A%252F%252Fimages.onefootball.com%252Ficons%252Fteams%252F164%252F1608.png,https://image-service.onefootball.com/transform?w=22&h=22&dpr=2&image=https%253A%252F%252Fimages.onefootball.com%252Ficons%252Fteams%252F164%252F1601.png
Forfar Athletic FC,East Fife FC,0,0,https://image-service.onefootball.com/transform?w=22&h=22&dpr=2&image=https%253A%252F%252Fimages.onefootball.com%252Ficons%252Fteams%252F164%252F1607.png,https://image-service.onefootball.com/transform?w=22&h=22&dpr=2&image=https%253A%252F%252Fimages.onefootball.com%252Ficons%252Fteams%252F164%252F1998.png
Bonnyrigg Rose,Spartans FC,,,https://image-service.onefootball.com/transform?w=22&h=22&dpr=2&image=https%253A%252F%252Fimages.onefootball.com%252Ficons%252Fteams%252F164%252F7308.png,https://image-service.onefootball.com/transform?w=22&h=22&dpr=2&image=https%253A%252F%252Fimages.onefootball.com%252Ficons%252Fteams%252F164%252F2081.png
Elgin City FC,Peterhead FC,2,1,https://image-service.onefootball.com/transform?w=22&h=22&dpr=2&image=https%253A%252F%252Fimages.onefootball.com%252Ficons%252Fteams%252F164%252F1604.png,https://image-service.onefootball.com/transform?w=22&h=22&dpr=2&image=https%253A%252F%252Fimages.onefootball.com%252Ficons%252Fteams%252F164%252F2006.png
